drug_id,drug_name,target_id,target_name,drkg_drug_key,drkg_target_key,drug_node_idx,target_node_idx,score,source,score_esm2,score_drkg
DB00864,Tacrolimus,CHEMBL1902,Peptidyl-prolyl cis-trans isomerase FKBP1A,Compound::DB00864,Gene::2280,4893,1131,0.9869220983419884,both,0.9881008856768272,0.9857433110071496
DB00259,Sulfanilamide,CHEMBL205,Carbonic anhydrase 2,Compound::DB00259,Gene::760,8459,1989,0.9655010527917773,both,0.9567644224258328,0.974237683157722
DB06795,Mafenide,CHEMBL205,Carbonic anhydrase 2,Compound::DB06795,Gene::760,9085,1989,0.9597678430373808,both,0.963378263378931,0.9561574226958306
DB04835,Maraviroc,CHEMBL2014,Nociceptin receptor,Compound::DB04835,Gene::4987,4760,1866,0.9575747519220452,both,0.963979680084862,0.9511698237592284
DB00819,Acetazolamide,CHEMBL205,Carbonic anhydrase 2,Compound::DB00819,Gene::760,6996,1989,0.9569006212523068,both,0.9539156789582404,0.9598855635463732
DB11642,Pitolisant,CHEMBL264,Histamine H3 receptor,Compound::DB11642,Gene::57538,3571,24087,0.9568140046693695,both,0.94471935963975,0.968908649698989
DB12001,Abemaciclib,CHEMBL1908389,Mitogen-activated protein kinase kinase kinase 12,Compound::DB12001,Gene::7786,6383,3956,0.9548726486115888,both,0.9470580708708096,0.962687226352368
DB08901,Ponatinib,CHEMBL1908389,Mitogen-activated protein kinase kinase kinase 12,Compound::DB08901,Gene::7786,7187,3956,0.9537183529062001,both,0.954377481249618,0.9530592245627824
DB00921,Buprenorphine,CHEMBL233,Mu-type opioid receptor,Compound::DB00921,Gene::4988,11340,155,0.9526545801442754,both,0.961323141086316,0.9439860192022348
DB08897,Aclidinium,CHEMBL245,Muscarinic acetylcholine receptor M3,Compound::DB08897,Gene::1131,4174,1949,0.9518240730324734,both,0.947943645768156,0.9557045002967908
DB00490,Buspirone,CHEMBL214,5-hydroxytryptamine receptor 1A,Compound::DB00490,Gene::3350,1321,2164,0.9491367874661234,both,0.9454194389296166,0.9528541360026304
DB12874,Quizartinib,CHEMBL1908389,Mitogen-activated protein kinase kinase kinase 12,Compound::DB12874,Gene::7786,6252,3956,0.9488479941464316,both,0.9459456029320306,0.9517503853608328
DB06796,Mangafodipir,CHEMBL205,Carbonic anhydrase 2,Compound::DB06796,Gene::760,2847,1989,0.9479656354853254,both,0.9605377160051648,0.935393554965486
DB01194,Brinzolamide,CHEMBL205,Carbonic anhydrase 2,Compound::DB01194,Gene::760,7031,1989,0.9477683748259302,both,0.9423978384433184,0.953138911208542
DB15328,Ubrogepant,CHEMBL2034,Glucocorticoid receptor,Compound::DB15328,Gene::2908,10560,293,0.9474698144150838,both,0.9603761858104456,0.934563443019722
DB14019,Fosnetupitant,CHEMBL1908389,Mitogen-activated protein kinase kinase kinase 12,Compound::DB14019,Gene::7786,12193,3956,0.9470464499947062,both,0.94692384593469,0.9471690540547224
DB11596,Levoleucovorin,CHEMBL205,Carbonic anhydrase 2,Compound::DB11596,Gene::760,9091,1989,0.9469879492613347,both,0.9428600887226648,0.9511158098000044
DB14019,Fosnetupitant,CHEMBL2034,Glucocorticoid receptor,Compound::DB14019,Gene::2908,12193,293,0.9461090995868446,both,0.9572566913633378,0.9349615078103516
DB12597,Asciminib,CHEMBL1862,Tyrosine-protein kinase ABL1,Compound::DB12597,Gene::25,2416,582,0.9456818613827137,both,0.9368996869919938,0.9544640357734336
DB09291,Rolapitant,CHEMBL1908389,Mitogen-activated protein kinase kinase kinase 12,Compound::DB09291,Gene::7786,3553,3956,0.9455874744367846,both,0.939926211834358,0.9512487370392112
DB09048,Netupitant,CHEMBL1908389,Mitogen-activated protein kinase kinase kinase 12,Compound::DB09048,Gene::7786,5244,3956,0.9451877676936908,both,0.9323826684124366,0.9579928669749452
DB00695,Furosemide,CHEMBL3729,Carbonic anhydrase 4,Compound::DB00695,Gene::762,7032,2179,0.9449663557335142,both,0.9367739447435472,0.9531587667234812
DB08867,Ulipristal,CHEMBL2034,Glucocorticoid receptor,Compound::DB08867,Gene::2908,3397,293,0.9447781824307199,both,0.950819761167671,0.9387366036937688
DB12457,Rimegepant,CHEMBL2014,Nociceptin receptor,Compound::DB12457,Gene::4987,5350,1866,0.9444701056740907,both,0.9425362435446782,0.9464039678035032
DB09030,Vorapaxar,CHEMBL2034,Glucocorticoid receptor,Compound::DB09030,Gene::2908,5841,293,0.944149475187924,both,0.9416840450020092,0.9466149053738389
DB08901,Ponatinib,CHEMBL1862,Tyrosine-protein kinase ABL1,Compound::DB08901,Gene::25,7187,582,0.9440496776953864,both,0.9458959888663868,0.942203366524386
DB00869,Dorzolamide,CHEMBL205,Carbonic anhydrase 2,Compound::DB00869,Gene::760,6786,1989,0.9431659316297267,both,0.9511727183145152,0.9351591449449383
DB01145,Sulfoxone,CHEMBL205,Carbonic anhydrase 2,Compound::DB01145,Gene::760,10178,1989,0.9426628046143573,both,0.9498320112128814,0.9354935980158332
DB08816,Ticagrelor,CHEMBL2034,Glucocorticoid receptor,Compound::DB08816,Gene::2908,5640,293,0.9424301754207364,both,0.9461602928348724,0.9387000580066004
DB09143,Sonidegib,CHEMBL2034,Glucocorticoid receptor,Compound::DB09143,Gene::2908,2176,293,0.9423607478342164,both,0.9576838222729064,0.9270376733955266
DB06016,Cariprazine,CHEMBL264,Histamine H3 receptor,Compound::DB06016,Gene::57538,4166,24087,0.9423115739391386,both,0.9429852614061548,0.9416378864721224
DB09297,Paritaprevir,CHEMBL2034,Glucocorticoid receptor,Compound::DB09297,Gene::2908,2988,293,0.9421969200734501,both,0.923292311976786,0.9611015281701144
DB00490,Buspirone,CHEMBL2014,Nociceptin receptor,Compound::DB00490,Gene::4987,1321,1866,0.9419581587641784,both,0.9437151688571804,0.9402011486711764
DB12457,Rimegepant,CHEMBL1908389,Mitogen-activated protein kinase kinase kinase 12,Compound::DB12457,Gene::7786,5350,3956,0.9413837592032424,both,0.9496625752807322,0.9331049431257524
DB11574,Elbasvir,CHEMBL2034,Glucocorticoid receptor,Compound::DB11574,Gene::2908,3862,293,0.9408369628837027,both,0.9439331571381048,0.9377407686293006
DB09143,Sonidegib,CHEMBL1908389,Mitogen-activated protein kinase kinase kinase 12,Compound::DB09143,Gene::7786,2176,3956,0.9402362894542657,both,0.9371685262558604,0.943304052652671
DB11712,Tezacaftor,CHEMBL2034,Glucocorticoid receptor,Compound::DB11712,Gene::2908,10091,293,0.9400630029503299,both,0.9467354395920234,0.9333905663086364
DB06155,Rimonabant,CHEMBL218,Cannabinoid receptor 1,Compound::DB06155,Gene::1268,1887,1397,0.9400570241501449,both,0.946258651714784,0.933855396585506
DB08816,Ticagrelor,CHEMBL1908389,Mitogen-activated protein kinase kinase kinase 12,Compound::DB08816,Gene::7786,5640,3956,0.9391847196353988,both,0.9360616618666474,0.9423077774041504
DB12005,Nirogacestat,CHEMBL2034,Glucocorticoid receptor,Compound::DB12005,Gene::2908,4086,293,0.9388075635998097,both,0.929896215243277,0.9477189119563422
DB01076,Atorvastatin,CHEMBL402,3-hydroxy-3-methylglutaryl-coenzyme A reductase,Compound::DB01076,Gene::3156,3250,330,0.9381108696063956,both,0.936514679287062,0.9397070599257292
DB00947,Fulvestrant,CHEMBL2034,Glucocorticoid receptor,Compound::DB00947,Gene::2908,5386,293,0.9379576423620479,both,0.9467303037246928,0.929184980999403
DB05667,Levoketoconazole,CHEMBL264,Histamine H3 receptor,Compound::DB05667,Gene::57538,986,24087,0.9375011787228312,both,0.9382737343853836,0.9367286230602788
DB12282,Defactinib,CHEMBL205,Carbonic anhydrase 2,Compound::DB12282,Gene::760,7665,1989,0.9365922990760924,both,0.9362920855427967,0.936892512609388
DB06230,Nalmefene,CHEMBL233,Mu-type opioid receptor,Compound::DB06230,Gene::4988,7975,155,0.9356207004297563,both,0.9426754974814532,0.9285659033780594
DB01232,Saquinavir,CHEMBL2034,Glucocorticoid receptor,Compound::DB01232,Gene::2908,373,293,0.935055714770332,both,0.94025198920063,0.929859440340034
DB06016,Cariprazine,CHEMBL2014,Nociceptin receptor,Compound::DB06016,Gene::4987,4166,1866,0.9349448338732775,both,0.95152723222131,0.9183624355252452
DB12267,Brigatinib,CHEMBL1908389,Mitogen-activated protein kinase kinase kinase 12,Compound::DB12267,Gene::7786,4326,3956,0.934864483253275,both,0.91627916166406,0.95344980484249
DB14766,Etrasimod,CHEMBL1908389,Mitogen-activated protein kinase kinase kinase 12,Compound::DB14766,Gene::7786,5514,3956,0.9348166359380555,both,0.9243664454174094,0.9452668264587016
DB00673,Aprepitant,CHEMBL1908389,Mitogen-activated protein kinase kinase kinase 12,Compound::DB00673,Gene::7786,835,3956,0.9345473805532982,both,0.9327577953718426,0.936336965734754
DB04835,Maraviroc,CHEMBL264,Histamine H3 receptor,Compound::DB04835,Gene::57538,4760,24087,0.9344226910283133,both,0.9380863216935276,0.9307590603630992
DB11712,Tezacaftor,CHEMBL1908389,Mitogen-activated protein kinase kinase kinase 12,Compound::DB11712,Gene::7786,10091,3956,0.9343170921847379,both,0.9181077598119364,0.9505264245575394
DB08329,Sulthiame,CHEMBL205,Carbonic anhydrase 2,Compound::DB08329,Gene::760,11995,1989,0.9342950974419568,both,0.9411040616464664,0.9274861332374472
DB06441,Cangrelor,CHEMBL205,Carbonic anhydrase 2,Compound::DB06441,Gene::760,4342,1989,0.9341477834470493,both,0.9327822888143918,0.9355132780797066
DB11979,Elagolix,CHEMBL205,Carbonic anhydrase 2,Compound::DB11979,Gene::760,1375,1989,0.9340111895850187,both,0.9255784468688212,0.9424439323012164
DB12457,Rimegepant,CHEMBL264,Histamine H3 receptor,Compound::DB12457,Gene::57538,5350,24087,0.9339399277635565,both,0.94356184192092,0.9243180136061931
DB12457,Rimegepant,CHEMBL214,5-hydroxytryptamine receptor 1A,Compound::DB12457,Gene::3350,5350,2164,0.9329370042104879,both,0.9337434993674246,0.9321305090535512
DB11613,Velpatasvir,CHEMBL2034,Glucocorticoid receptor,Compound::DB11613,Gene::2908,9912,293,0.9321340250875811,both,0.9205619614546175,0.9437060887205448
DB05667,Levoketoconazole,CHEMBL2014,Nociceptin receptor,Compound::DB05667,Gene::4987,986,1866,0.9320899598016995,both,0.9491834699620754,0.9149964496413237
DB13879,Glecaprevir,CHEMBL2034,Glucocorticoid receptor,Compound::DB13879,Gene::2908,330,293,0.9313860978591084,both,0.9223961753725356,0.9403760203456814
DB12597,Asciminib,CHEMBL3535,"High affinity cGMP-specific 3',5'-cyclic phosphodiesterase 9A",Compound::DB12597,Gene::5152,2416,1843,0.9313158988780936,both,0.9185476043402124,0.9440841934159748
DB00490,Buspirone,CHEMBL264,Histamine H3 receptor,Compound::DB00490,Gene::57538,1321,24087,0.9311791922724657,both,0.9468655480077924,0.915492836537139
DB08815,Lurasidone,CHEMBL264,Histamine H3 receptor,Compound::DB08815,Gene::57538,1602,24087,0.9311302244528584,both,0.9310690612600796,0.9311913876456372
DB00158,Folic acid,CHEMBL205,Carbonic anhydrase 2,Compound::DB00158,Gene::760,6466,1989,0.9302903158344404,both,0.9490949357986066,0.9114856958702744
DB00696,Ergotamine,CHEMBL2034,Glucocorticoid receptor,Compound::DB00696,Gene::2908,277,293,0.9301050612905322,both,0.924795514541126,0.9354146080399384
DB12095,Telotristat ethyl,CHEMBL2034,Glucocorticoid receptor,Compound::DB12095,Gene::2908,3338,293,0.9298847925700192,both,0.9123828765774692,0.9473867085625692
DB00288,Amcinonide,CHEMBL2034,Glucocorticoid receptor,Compound::DB00288,Gene::2908,1823,293,0.9298608339290151,both,0.9196602583421294,0.9400614095159008
DB04835,Maraviroc,CHEMBL1908389,Mitogen-activated protein kinase kinase kinase 12,Compound::DB04835,Gene::7786,4760,3956,0.9294954469373814,both,0.9298873330763264,0.9291035607984364
DB12095,Telotristat ethyl,CHEMBL205,Carbonic anhydrase 2,Compound::DB12095,Gene::760,3338,1989,0.9292769792294545,both,0.9310501158897698,0.9275038425691392
DB06636,Isavuconazonium,CHEMBL205,Carbonic anhydrase 2,Compound::DB06636,Gene::760,11821,1989,0.9289631199927342,both,0.9285856762483988,0.9293405637370696
DB09195,Lorpiprazole,CHEMBL1908389,Mitogen-activated protein kinase kinase kinase 12,Compound::DB09195,Gene::7786,5125,3956,0.9288384564144693,both,0.9234450843539206,0.934231828475018
DB00251,Terconazole,CHEMBL2014,Nociceptin receptor,Compound::DB00251,Gene::4987,1862,1866,0.9281447204994038,both,0.9377280056147989,0.9185614353840088
DB09027,Ledipasvir,CHEMBL2034,Glucocorticoid receptor,Compound::DB09027,Gene::2908,9141,293,0.9277131936350721,both,0.9191263882635908,0.9362999990065534
DB00293,Raltitrexed,CHEMBL205,Carbonic anhydrase 2,Compound::DB00293,Gene::760,6729,1989,0.9275811559510376,both,0.9428493675825508,0.9123129443195246
DB00251,Terconazole,CHEMBL264,Histamine H3 receptor,Compound::DB00251,Gene::57538,1862,24087,0.927273884598464,both,0.9390061864214811,0.9155415827754468
DB09345,Pramocaine,CHEMBL264,Histamine H3 receptor,Compound::DB09345,Gene::57538,12114,24087,0.9272356579467382,both,0.912356023067047,0.9421152928264296
DB12597,Asciminib,CHEMBL1908389,Mitogen-activated protein kinase kinase kinase 12,Compound::DB12597,Gene::7786,2416,3956,0.9270040247762095,both,0.9217528956017448,0.932255153950674
DB15328,Ubrogepant,CHEMBL1908389,Mitogen-activated protein kinase kinase kinase 12,Compound::DB15328,Gene::7786,10560,3956,0.9267962594128392,both,0.9254944966837844,0.928098022141894
DB06608,Tafenoquine,CHEMBL1908389,Mitogen-activated protein kinase kinase kinase 12,Compound::DB06608,Gene::7786,11392,3956,0.926784853467902,both,0.9003062966114264,0.9532634103243774
DB00246,Ziprasidone,CHEMBL214,5-hydroxytryptamine receptor 1A,Compound::DB00246,Gene::3350,1514,2164,0.9265812181727981,both,0.9197633925215808,0.9333990438240156
DB12457,Rimegepant,CHEMBL2034,Glucocorticoid receptor,Compound::DB12457,Gene::2908,5350,293,0.9264196717774609,both,0.9198871130146618,0.93295223054026
DB01126,Dutasteride,CHEMBL2034,Glucocorticoid receptor,Compound::DB01126,Gene::2908,2539,293,0.9262747044057718,both,0.9369997458888693,0.9155496629226744
DB15569,Sotorasib,CHEMBL2034,Glucocorticoid receptor,Compound::DB15569,Gene::2908,14956,293,0.9261637631605678,both,0.9214230130328308,0.9309045132883048
DB15328,Ubrogepant,CHEMBL2014,Nociceptin receptor,Compound::DB15328,Gene::4987,10560,1866,0.9259457928371656,both,0.9281673622218825,0.9237242234524488
DB01319,Fosamprenavir,CHEMBL205,Carbonic anhydrase 2,Compound::DB01319,Gene::760,206,1989,0.925852708524438,both,0.9340446528992788,0.9176607641495972
DB01144,Diclofenamide,CHEMBL205,Carbonic anhydrase 2,Compound::DB01144,Gene::760,3384,1989,0.9255197956800215,both,0.9369364061363432,0.9141031852236998
DB06636,Isavuconazonium,CHEMBL1908389,Mitogen-activated protein kinase kinase kinase 12,Compound::DB06636,Gene::7786,11821,3956,0.9244512893978021,both,0.9147059257301782,0.934196653065426
DB11718,Encorafenib,CHEMBL205,Carbonic anhydrase 2,Compound::DB11718,Gene::760,4058,1989,0.9242928058642437,both,0.9191517972173656,0.9294338145111216
DB09195,Lorpiprazole,CHEMBL214,5-hydroxytryptamine receptor 1A,Compound::DB09195,Gene::3350,5125,2164,0.9241485907449509,both,0.9203196364666544,0.9279775450232476
DB14541,Hydrocortisone cypionate,CHEMBL2034,Glucocorticoid receptor,Compound::DB14541,Gene::2908,7576,293,0.9239619471361535,both,0.9085294276512452,0.939394466621062
DB06813,Pralatrexate,CHEMBL205,Carbonic anhydrase 2,Compound::DB06813,Gene::760,6381,1989,0.9237711171631184,both,0.9437997131863786,0.9037425211398584
DB12026,Voxilaprevir,CHEMBL2034,Glucocorticoid receptor,Compound::DB12026,Gene::2908,258,293,0.9235518803308265,both,0.9240106998476406,0.9230930608140124
DB14766,Etrasimod,CHEMBL2034,Glucocorticoid receptor,Compound::DB14766,Gene::2908,5514,293,0.9232416673591117,both,0.925504081262979,0.9209792534552445
DB11581,Venetoclax,CHEMBL245,Muscarinic acetylcholine receptor M3,Compound::DB11581,Gene::1131,4942,1949,0.9231183058811983,both,0.9243149904253058,0.9219216213370908
DB00251,Terconazole,CHEMBL1908389,Mitogen-activated protein kinase kinase kinase 12,Compound::DB00251,Gene::7786,1862,3956,0.9231037590411997,both,0.919692312063689,0.9265152060187104
DB08815,Lurasidone,CHEMBL2014,Nociceptin receptor,Compound::DB08815,Gene::4987,1602,1866,0.9229970078097708,both,0.9218990307666396,0.924094984852902
DB00220,Nelfinavir,CHEMBL2014,Nociceptin receptor,Compound::DB00220,Gene::4987,262,1866,0.9227767469592738,both,0.9228475322203188,0.9227059616982288
DB14019,Fosnetupitant,CHEMBL205,Carbonic anhydrase 2,Compound::DB14019,Gene::760,12193,1989,0.9221593120462124,both,0.9204811421927293,0.9238374818996956
DB13941,Piperaquine,CHEMBL214,5-hydroxytryptamine receptor 1A,Compound::DB13941,Gene::3350,11345,2164,0.9220716463676372,both,0.924332400185008,0.9198108925502664
DB12457,Rimegepant,CHEMBL3535,"High affinity cGMP-specific 3',5'-cyclic phosphodiesterase 9A",Compound::DB12457,Gene::5152,5350,1843,0.9219237293472589,both,0.9213224458353882,0.9225250128591294
DB15569,Sotorasib,CHEMBL1908389,Mitogen-activated protein kinase kinase kinase 12,Compound::DB15569,Gene::7786,14956,3956,0.9215743019441476,both,0.9074722884191784,0.9356763154691168
DB15091,Upadacitinib,CHEMBL1908389,Mitogen-activated protein kinase kinase kinase 12,Compound::DB15091,Gene::7786,5596,3956,0.9210218780391195,both,0.9086151241512218,0.9334286319270172
DB09048,Netupitant,CHEMBL2034,Glucocorticoid receptor,Compound::DB09048,Gene::2908,5244,293,0.9209175649804999,both,0.9206248086804384,0.9212103212805616
DB14723,Larotrectinib,CHEMBL264,Histamine H3 receptor,Compound::DB14723,Gene::57538,937,24087,0.9208985958342336,both,0.917053817917846,0.9247433737506212
DB06287,Temsirolimus,CHEMBL1902,Peptidyl-prolyl cis-trans isomerase FKBP1A,Compound::DB06287,Gene::2280,2251,1131,0.9208111579272171,both,0.9156223466173932,0.925999969237041
DB01098,Rosuvastatin,CHEMBL205,Carbonic anhydrase 2,Compound::DB01098,Gene::760,6114,1989,0.9207832133566982,both,0.9311381990442305,0.910428227669166
DB09291,Rolapitant,CHEMBL2034,Glucocorticoid receptor,Compound::DB09291,Gene::2908,3553,293,0.9205430738833436,both,0.9293108375120396,0.9117753102546476
DB08901,Ponatinib,CHEMBL2034,Glucocorticoid receptor,Compound::DB08901,Gene::2908,7187,293,0.9205025131875153,both,0.9195481285911667,0.921456897783864
DB00921,Buprenorphine,CHEMBL2034,Glucocorticoid receptor,Compound::DB00921,Gene::2908,11340,293,0.9203780806453012,both,0.9093385559996288,0.9314176052909736
DB01590,Everolimus,CHEMBL1902,Peptidyl-prolyl cis-trans isomerase FKBP1A,Compound::DB01590,Gene::2280,6135,1131,0.9203617516488497,both,0.939765794515127,0.9009577087825724
DB00877,Sirolimus,CHEMBL1902,Peptidyl-prolyl cis-trans isomerase FKBP1A,Compound::DB00877,Gene::2280,3155,1131,0.9199957905840643,both,0.934264449042266,0.9057271321258628
DB12005,Nirogacestat,CHEMBL1908389,Mitogen-activated protein kinase kinase kinase 12,Compound::DB12005,Gene::7786,4086,3956,0.91998279692486,both,0.9201861761198438,0.919779417729876
DB00361,Vinorelbine,CHEMBL2034,Glucocorticoid receptor,Compound::DB00361,Gene::2908,3760,293,0.9198389704597145,both,0.9127649326774058,0.9269130082420232
DB01591,Solifenacin,CHEMBL214,5-hydroxytryptamine receptor 1A,Compound::DB01591,Gene::3350,1037,2164,0.919702654113183,both,0.909193036440188,0.930212271786178
DB01263,Posaconazole,CHEMBL1908389,Mitogen-activated protein kinase kinase kinase 12,Compound::DB01263,Gene::7786,3948,3956,0.9193175344692849,both,0.9214465954670004,0.9171884734715694
DB06786,Halcinonide,CHEMBL2034,Glucocorticoid receptor,Compound::DB06786,Gene::2908,2424,293,0.919204175544433,both,0.9189442700403604,0.9194640810485056
DB08801,Dimetindene,CHEMBL216,Muscarinic acetylcholine receptor M1,Compound::DB08801,Gene::1128,5308,1626,0.918784830540659,both,0.9175496344292688,0.9200200266520492
DB14539,Hydrocortisone acetate,CHEMBL2034,Glucocorticoid receptor,Compound::DB14539,Gene::2908,2253,293,0.9183240902966257,both,0.907557714926501,0.9290904656667502
DB09027,Ledipasvir,CHEMBL205,Carbonic anhydrase 2,Compound::DB09027,Gene::760,9141,1989,0.9182845059087854,both,0.9228456737277534,0.9137233380898174
DB14674,Estramustine phosphate,CHEMBL2034,Glucocorticoid receptor,Compound::DB14674,Gene::2908,10404,293,0.9181650182926477,both,0.930186085358264,0.9061439512270316
DB00642,Pemetrexed,CHEMBL205,Carbonic anhydrase 2,Compound::DB00642,Gene::760,10987,1989,0.918061622532558,both,0.925130534789551,0.9109927102755648
DB09335,Alatrofloxacin,CHEMBL2034,Glucocorticoid receptor,Compound::DB09335,Gene::2908,11694,293,0.9180047860165559,both,0.925521695752532,0.9104878762805798
DB12134,Gepotidacin,CHEMBL3535,"High affinity cGMP-specific 3',5'-cyclic phosphodiesterase 9A",Compound::DB12134,Gene::5152,3264,1843,0.9178942919526987,both,0.9107248314604726,0.9250637524449248
DB06636,Isavuconazonium,CHEMBL2034,Glucocorticoid receptor,Compound::DB06636,Gene::2908,11821,293,0.9177249361309929,both,0.9263353638660352,0.9091145083959506
DB12612,Ozanimod,CHEMBL264,Histamine H3 receptor,Compound::DB12612,Gene::57538,4216,24087,0.9176600303049718,both,0.9180751436626032,0.9172449169473402
DB09195,Lorpiprazole,CHEMBL264,Histamine H3 receptor,Compound::DB09195,Gene::57538,5125,24087,0.9172745414184381,both,0.9129725037337318,0.9215765791031444
DB08815,Lurasidone,CHEMBL2034,Glucocorticoid receptor,Compound::DB08815,Gene::2908,1602,293,0.9166858135194604,both,0.9045974434422815,0.9287741835966394
DB06717,Fosaprepitant,CHEMBL2034,Glucocorticoid receptor,Compound::DB06717,Gene::2908,3433,293,0.9165879379414192,both,0.92181187042768,0.9113640054551584
DB01388,Mibefradil,CHEMBL3535,"High affinity cGMP-specific 3',5'-cyclic phosphodiesterase 9A",Compound::DB01388,Gene::5152,2034,1843,0.9162419708714402,both,0.9002530342497063,0.932230907493174
DB12095,Telotristat ethyl,CHEMBL3535,"High affinity cGMP-specific 3',5'-cyclic phosphodiesterase 9A",Compound::DB12095,Gene::5152,3338,1843,0.9161414717715857,both,0.9217423632385676,0.9105405803046036
DB11712,Tezacaftor,CHEMBL2014,Nociceptin receptor,Compound::DB11712,Gene::4987,10091,1866,0.9159933843559709,both,0.9138455329741496,0.918141235737792
DB14544,Hydrocortisone valerate,CHEMBL2034,Glucocorticoid receptor,Compound::DB14544,Gene::2908,9025,293,0.9157763543421134,both,0.9116299944588936,0.9199227142253332
DB08901,Ponatinib,CHEMBL2014,Nociceptin receptor,Compound::DB08901,Gene::4987,7187,1866,0.9157265152188936,both,0.9235645653718388,0.9078884650659484
DB09268,Picosulfuric acid,CHEMBL205,Carbonic anhydrase 2,Compound::DB09268,Gene::760,11527,1989,0.9155351484772731,both,0.9221876487862162,0.90888264816833
DB04868,Nilotinib,CHEMBL2034,Glucocorticoid receptor,Compound::DB04868,Gene::2908,6766,293,0.9154170475294734,both,0.9190636553054864,0.9117704397534604
DB15569,Sotorasib,CHEMBL3535,"High affinity cGMP-specific 3',5'-cyclic phosphodiesterase 9A",Compound::DB15569,Gene::5152,14956,1843,0.9153924970462632,both,0.9097106477094276,0.9210743463830988
DB15011,Avacopan,CHEMBL1908389,Mitogen-activated protein kinase kinase kinase 12,Compound::DB15011,Gene::7786,9159,3956,0.9152387220073788,both,0.9041231485854302,0.9263542954293272
DB06717,Fosaprepitant,CHEMBL1908389,Mitogen-activated protein kinase kinase kinase 12,Compound::DB06717,Gene::7786,3433,3956,0.9146705455475066,both,0.9229644852441232,0.90637660585089
DB00921,Buprenorphine,CHEMBL264,Histamine H3 receptor,Compound::DB00921,Gene::57538,11340,24087,0.9145625076867729,both,0.9263731781802363,0.9027518371933096
DB08816,Ticagrelor,CHEMBL2014,Nociceptin receptor,Compound::DB08816,Gene::4987,5640,1866,0.9145128060276331,both,0.9087796917679914,0.9202459202872748
DB00844,Nalbuphine,CHEMBL233,Mu-type opioid receptor,Compound::DB00844,Gene::4988,2203,155,0.9145066198021758,both,0.9228843198664048,0.9061289197379468
DB01104,Sertraline,CHEMBL238,Sodium-dependent dopamine transporter,Compound::DB01104,Gene::6531,106,1209,0.9144825458727862,both,0.9239940068725434,0.904971084873029
DB14723,Larotrectinib,CHEMBL214,5-hydroxytryptamine receptor 1A,Compound::DB14723,Gene::3350,937,2164,0.9140663506027304,both,0.903549085150996,0.924583616054465
DB06077,Lumateperone,CHEMBL214,5-hydroxytryptamine receptor 1A,Compound::DB06077,Gene::3350,1119,2164,0.9137575931422515,both,0.9106907349776926,0.9168244513068105
DB12457,Rimegepant,CHEMBL245,Muscarinic acetylcholine receptor M3,Compound::DB12457,Gene::1131,5350,1949,0.9136846229016293,both,0.9139583414112608,0.9134109043919978
DB00309,Vindesine,CHEMBL2034,Glucocorticoid receptor,Compound::DB00309,Gene::2908,978,293,0.9136627738065561,both,0.9067236888034582,0.9206018588096542
DB12523,Mizolastine,CHEMBL264,Histamine H3 receptor,Compound::DB12523,Gene::57538,10021,24087,0.9134450247388213,both,0.9175609141199974,0.909329135357645
DB00220,Nelfinavir,CHEMBL2034,Glucocorticoid receptor,Compound::DB00220,Gene::2908,262,293,0.9134162676733701,both,0.905603382881954,0.9212291524647864
DB01263,Posaconazole,CHEMBL2034,Glucocorticoid receptor,Compound::DB01263,Gene::2908,3948,293,0.9134054905715143,both,0.9168979858340868,0.909912995308942
DB13345,Dihydroergocristine,CHEMBL2034,Glucocorticoid receptor,Compound::DB13345,Gene::2908,11353,293,0.9133991989270103,both,0.9031070468690868,0.9236913509849336
DB11712,Tezacaftor,CHEMBL3535,"High affinity cGMP-specific 3',5'-cyclic phosphodiesterase 9A",Compound::DB11712,Gene::5152,10091,1843,0.9133625542805686,both,0.9107819924699996,0.9159431160911377
DB06077,Lumateperone,CHEMBL264,Histamine H3 receptor,Compound::DB06077,Gene::57538,1119,24087,0.9132204648247325,both,0.9130955319657312,0.9133453976837338
DB05667,Levoketoconazole,CHEMBL1908389,Mitogen-activated protein kinase kinase kinase 12,Compound::DB05667,Gene::7786,986,3956,0.9130194512597317,both,0.9005553025480099,0.9254835999714536
DB00482,Celecoxib,CHEMBL205,Carbonic anhydrase 2,Compound::DB00482,Gene::760,310,1989,0.9128992161979581,both,0.9098758063858592,0.915922626010057
DB15328,Ubrogepant,CHEMBL205,Carbonic anhydrase 2,Compound::DB15328,Gene::760,10560,1989,0.9128563305196562,both,0.9192681215177292,0.9064445395215832
DB04868,Nilotinib,CHEMBL1908389,Mitogen-activated protein kinase kinase kinase 12,Compound::DB04868,Gene::7786,6766,3956,0.9123420917857408,both,0.9131618073375898,0.9115223762338917
DB15091,Upadacitinib,CHEMBL3535,"High affinity cGMP-specific 3',5'-cyclic phosphodiesterase 9A",Compound::DB15091,Gene::5152,5596,1843,0.9121928715574812,both,0.9235561711912972,0.9008295719236652
DB00823,Ethynodiol diacetate,CHEMBL2034,Glucocorticoid receptor,Compound::DB00823,Gene::2908,881,293,0.9121371793341992,both,0.9166876244209212,0.9075867342474772
DB01591,Solifenacin,CHEMBL264,Histamine H3 receptor,Compound::DB01591,Gene::57538,1037,24087,0.911669223380713,both,0.9222388287465622,0.9010996180148638
DB11275,Epicriptine,CHEMBL2034,Glucocorticoid receptor,Compound::DB11275,Gene::2908,14876,293,0.9115880385010449,both,0.9064705306529208,0.9167055463491688
DB15568,Adagrasib,CHEMBL1908389,Mitogen-activated protein kinase kinase kinase 12,Compound::DB15568,Gene::7786,14955,3956,0.9114089473312046,both,0.9182998671163493,0.90451802754606
DB08901,Ponatinib,CHEMBL264,Histamine H3 receptor,Compound::DB08901,Gene::57538,7187,24087,0.9113155824090978,both,0.9051402574442242,0.9174909073739714
DB05667,Levoketoconazole,CHEMBL214,5-hydroxytryptamine receptor 1A,Compound::DB05667,Gene::3350,986,2164,0.9112644872827889,both,0.9145503563143909,0.9079786182511868
DB00673,Aprepitant,CHEMBL3535,"High affinity cGMP-specific 3',5'-cyclic phosphodiesterase 9A",Compound::DB00673,Gene::5152,835,1843,0.9111871876218607,both,0.9035880514558648,0.9187863237878564
DB00570,Vinblastine,CHEMBL2034,Glucocorticoid receptor,Compound::DB00570,Gene::2908,4543,293,0.911117217744994,both,0.9191219401305328,0.903112495359455
DB15035,Zanubrutinib,CHEMBL264,Histamine H3 receptor,Compound::DB15035,Gene::57538,3668,24087,0.9109046933022475,both,0.912013907992255,0.9097954786122402
DB00846,Flurandrenolide,CHEMBL2034,Glucocorticoid receptor,Compound::DB00846,Gene::2908,669,293,0.9107765534983777,both,0.9046521203789316,0.9169009866178238
DB11799,Bictegravir,CHEMBL2034,Glucocorticoid receptor,Compound::DB11799,Gene::2908,427,293,0.909932852053427,both,0.911079488410148,0.908786215696706
DB11995,Avatrombopag,CHEMBL1908389,Mitogen-activated protein kinase kinase kinase 12,Compound::DB11995,Gene::7786,9115,3956,0.9096964948241812,both,0.9087808640415598,0.9106121256068028
DB11712,Tezacaftor,CHEMBL264,Histamine H3 receptor,Compound::DB11712,Gene::57538,10091,24087,0.9086171264074347,both,0.9031873180775172,0.9140469347373522
DB06717,Fosaprepitant,CHEMBL205,Carbonic anhydrase 2,Compound::DB06717,Gene::760,3433,1989,0.9083120248211125,both,0.911916430059203,0.904707619583022
DB15011,Avacopan,CHEMBL2034,Glucocorticoid receptor,Compound::DB15011,Gene::2908,9159,293,0.9082809331059862,both,0.9014038283502424,0.91515803786173
DB06817,Raltegravir,CHEMBL205,Carbonic anhydrase 2,Compound::DB06817,Gene::760,27,1989,0.9079134055401842,both,0.9125604412432564,0.903266369837112
DB13955,Estradiol dienanthate,CHEMBL264,Histamine H3 receptor,Compound::DB13955,Gene::57538,3334,24087,0.9078385452069491,both,0.9080200510010712,0.9076570394128268
DB11691,Naldemedine,CHEMBL233,Mu-type opioid receptor,Compound::DB11691,Gene::4988,9248,155,0.9077736013002874,both,0.9131042515593352,0.9024429510412396
DB12874,Quizartinib,CHEMBL2014,Nociceptin receptor,Compound::DB12874,Gene::4987,6252,1866,0.9077219429337839,both,0.9049297246085556,0.9105141612590124
DB01264,Darunavir,CHEMBL205,Carbonic anhydrase 2,Compound::DB01264,Gene::760,382,1989,0.9075597921320657,both,0.9052555338360692,0.9098640504280624
DB00355,Aztreonam,CHEMBL205,Carbonic anhydrase 2,Compound::DB00355,Gene::760,9815,1989,0.9068615654896814,both,0.9059148632680456,0.9078082677113174
DB12095,Telotristat ethyl,CHEMBL1908389,Mitogen-activated protein kinase kinase kinase 12,Compound::DB12095,Gene::7786,3338,3956,0.906763566407213,both,0.9063567491546968,0.9071703836597292
DB06590,Ceftaroline fosamil,CHEMBL205,Carbonic anhydrase 2,Compound::DB06590,Gene::760,11001,1989,0.906697980570948,both,0.9008571246236188,0.9125388365182772
DB01263,Posaconazole,CHEMBL205,Carbonic anhydrase 2,Compound::DB01263,Gene::760,3948,1989,0.9066196592635962,both,0.901289551305437,0.9119497672217556
DB06249,Arzoxifene,CHEMBL264,Histamine H3 receptor,Compound::DB06249,Gene::57538,1050,24087,0.9063944599722402,both,0.9060399475845606,0.9067489723599198
DB14631,Prednisolone phosphate,CHEMBL2034,Glucocorticoid receptor,Compound::DB14631,Gene::2908,11807,293,0.9063742407337418,both,0.905935363925408,0.9068131175420756
DB00685,Trovafloxacin,CHEMBL2034,Glucocorticoid receptor,Compound::DB00685,Gene::2908,10466,293,0.9063644048504764,both,0.9043489683034726,0.9083798413974802
DB00673,Aprepitant,CHEMBL2034,Glucocorticoid receptor,Compound::DB00673,Gene::2908,835,293,0.9060340564939002,both,0.9034111425110616,0.9086569704767388
DB00563,Methotrexate,CHEMBL205,Carbonic anhydrase 2,Compound::DB00563,Gene::760,6413,1989,0.9058822075020949,both,0.9064455197641154,0.9053188952400746
DB01047,Fluocinonide,CHEMBL2034,Glucocorticoid receptor,Compound::DB01047,Gene::2908,5367,293,0.9057692675578803,both,0.9105456175509662,0.9009929175647944
DB00769,Hydrocortamate,CHEMBL2034,Glucocorticoid receptor,Compound::DB00769,Gene::2908,4900,293,0.9053594526743027,both,0.9039528610024238,0.9067660443461816
DB14583,Segesterone acetate,CHEMBL2034,Glucocorticoid receptor,Compound::DB14583,Gene::2908,12132,293,0.9047374378658313,both,0.9086627595865148,0.9008121161451478
DB08934,Sofosbuvir,CHEMBL205,Carbonic anhydrase 2,Compound::DB08934,Gene::760,226,1989,0.9044089384429062,both,0.906712708787798,0.9021051680980142
DB11613,Velpatasvir,CHEMBL205,Carbonic anhydrase 2,Compound::DB11613,Gene::760,9912,1989,0.9041781789189539,both,0.9003492984077822,0.9080070594301256
DB12941,Darolutamide,CHEMBL205,Carbonic anhydrase 2,Compound::DB12941,Gene::760,11836,1989,0.9039715310258404,both,0.9017979870094064,0.9061450750422744
DB11718,Encorafenib,CHEMBL2034,Glucocorticoid receptor,Compound::DB11718,Gene::2908,4058,293,0.9037200625869419,both,0.900206956790968,0.907233168382916
DB00932,Tipranavir,CHEMBL205,Carbonic anhydrase 2,Compound::DB00932,Gene::760,451,1989,0.903580290696059,both,0.9001908437943702,0.906969737597748
DB00952,Naratriptan,CHEMBL3535,"High affinity cGMP-specific 3',5'-cyclic phosphodiesterase 9A",Compound::DB00952,Gene::5152,3982,1843,0.9027735826748706,both,0.9004571892573354,0.9050899760924058
DB09320,Procaine benzylpenicillin,CHEMBL205,Carbonic anhydrase 2,Compound::DB09320,Gene::760,11531,1989,0.9025131210832948,both,0.902801025301308,0.9022252168652816
DB00705,Delavirdine,CHEMBL205,Carbonic anhydrase 2,Compound::DB00705,Gene::760,338,1989,0.901466126665829,both,0.9003394018320462,0.902592851499612
DB06016,Cariprazine,CHEMBL234,D(3) dopamine receptor,Compound::DB06016,Gene::1816,4166,2075,0.9716673725777684,esm2_only,,
DB04835,Maraviroc,CHEMBL2034,Glucocorticoid receptor,Compound::DB04835,Gene::2908,4760,293,0.950254774119354,esm2_only,,
DB00796,Candesartan cilexetil,CHEMBL3535,"High affinity cGMP-specific 3',5'-cyclic phosphodiesterase 9A",Compound::DB00796,Gene::5152,3885,1843,0.9495668379970372,esm2_only,,
DB00311,Ethoxzolamide,CHEMBL205,Carbonic anhydrase 2,Compound::DB00311,Gene::760,2964,1989,0.9437252365443008,esm2_only,,
DB06016,Cariprazine,CHEMBL214,5-hydroxytryptamine receptor 1A,Compound::DB06016,Gene::3350,4166,2164,0.935512624339661,esm2_only,,
DB00391,Sulpiride,CHEMBL205,Carbonic anhydrase 2,Compound::DB00391,Gene::760,29,1989,0.9345051713542826,esm2_only,,
DB09143,Sonidegib,CHEMBL245,Muscarinic acetylcholine receptor M3,Compound::DB09143,Gene::1131,2176,1949,0.9335814962157531,esm2_only,,
DB06448,Lonafarnib,CHEMBL2014,Nociceptin receptor,Compound::DB06448,Gene::4987,2012,1866,0.9335439739605788,esm2_only,,
DB09195,Lorpiprazole,CHEMBL234,D(3) dopamine receptor,Compound::DB09195,Gene::1816,5125,2075,0.9320727543478384,esm2_only,,
DB11574,Elbasvir,CHEMBL205,Carbonic anhydrase 2,Compound::DB11574,Gene::760,3862,1989,0.9303811426775794,esm2_only,,
DB15328,Ubrogepant,CHEMBL234,D(3) dopamine receptor,Compound::DB15328,Gene::1816,10560,2075,0.9296578458078402,esm2_only,,
DB11611,Lifitegrast,CHEMBL205,Carbonic anhydrase 2,Compound::DB11611,Gene::760,5053,1989,0.9283588220399458,esm2_only,,
DB09195,Lorpiprazole,CHEMBL2014,Nociceptin receptor,Compound::DB09195,Gene::4987,5125,1866,0.9282869850919812,esm2_only,,
DB01200,Bromocriptine,CHEMBL2034,Glucocorticoid receptor,Compound::DB01200,Gene::2908,5229,293,0.928167843543853,esm2_only,,
DB06448,Lonafarnib,CHEMBL234,D(3) dopamine receptor,Compound::DB06448,Gene::1816,2012,2075,0.9254080584617516,esm2_only,,
DB15035,Zanubrutinib,CHEMBL2014,Nociceptin receptor,Compound::DB15035,Gene::4987,3668,1866,0.9248092127308573,esm2_only,,
DB15444,Elexacaftor,CHEMBL2034,Glucocorticoid receptor,Compound::DB15444,Gene::2908,11355,293,0.9246091139257568,esm2_only,,
DB04835,Maraviroc,CHEMBL234,D(3) dopamine receptor,Compound::DB04835,Gene::1816,4760,2075,0.9242507683557162,esm2_only,,
DB00433,Prochlorperazine,CHEMBL2014,Nociceptin receptor,Compound::DB00433,Gene::4987,4928,1866,0.923927639432712,esm2_only,,
DB00251,Terconazole,CHEMBL2034,Glucocorticoid receptor,Compound::DB00251,Gene::2908,1862,293,0.9233786654266172,esm2_only,,
DB05381,Histamine,CHEMBL264,Histamine H3 receptor,Compound::DB05381,Gene::57538,1593,24087,0.922021940400974,esm2_only,,
DB05294,Vandetanib,CHEMBL264,Histamine H3 receptor,Compound::DB05294,Gene::57538,236,24087,0.9208330508976902,esm2_only,,
DB08897,Aclidinium,CHEMBL2014,Nociceptin receptor,Compound::DB08897,Gene::4987,4174,1866,0.9203572234493748,esm2_only,,
DB05667,Levoketoconazole,CHEMBL2034,Glucocorticoid receptor,Compound::DB05667,Gene::2908,986,293,0.9192232552779904,esm2_only,,
DB08897,Aclidinium,CHEMBL264,Histamine H3 receptor,Compound::DB08897,Gene::57538,4174,24087,0.9178346698794694,esm2_only,,
DB01232,Saquinavir,CHEMBL2014,Nociceptin receptor,Compound::DB01232,Gene::4987,373,1866,0.91725303020756,esm2_only,,
DB12015,Alpelisib,CHEMBL2034,Glucocorticoid receptor,Compound::DB12015,Gene::2908,5202,293,0.9164512656035028,esm2_only,,
DB00183,Pentagastrin,CHEMBL205,Carbonic anhydrase 2,Compound::DB00183,Gene::760,4309,1989,0.916409728232964,esm2_only,,
DB11363,Alectinib,CHEMBL3535,"High affinity cGMP-specific 3',5'-cyclic phosphodiesterase 9A",Compound::DB11363,Gene::5152,3681,1843,0.916162774883037,esm2_only,,
DB00796,Candesartan cilexetil,CHEMBL205,Carbonic anhydrase 2,Compound::DB00796,Gene::760,3885,1989,0.9155541676511284,esm2_only,,
DB11718,Encorafenib,CHEMBL3535,"High affinity cGMP-specific 3',5'-cyclic phosphodiesterase 9A",Compound::DB11718,Gene::5152,4058,1843,0.9145961681799024,esm2_only,,
DB06274,Alvimopan,CHEMBL2034,Glucocorticoid receptor,Compound::DB06274,Gene::2908,3241,293,0.9140035837171931,esm2_only,,
DB09195,Lorpiprazole,CHEMBL2034,Glucocorticoid receptor,Compound::DB09195,Gene::2908,5125,293,0.9137602647217912,esm2_only,,
DB06684,Vilazodone,CHEMBL228,Sodium-dependent serotonin transporter,Compound::DB06684,Gene::6532,4562,603,0.913107529584744,esm2_only,,
DB00204,Dofetilide,CHEMBL205,Carbonic anhydrase 2,Compound::DB00204,Gene::760,5502,1989,0.9127748372835904,esm2_only,,
DB06636,Isavuconazonium,CHEMBL3535,"High affinity cGMP-specific 3',5'-cyclic phosphodiesterase 9A",Compound::DB06636,Gene::5152,11821,1843,0.9121904395798016,esm2_only,,
DB01409,Tiotropium,CHEMBL2034,Glucocorticoid receptor,Compound::DB01409,Gene::2908,3281,293,0.91216270184017,esm2_only,,
DB01232,Saquinavir,CHEMBL205,Carbonic anhydrase 2,Compound::DB01232,Gene::760,373,1989,0.9120798033660354,esm2_only,,
DB12941,Darolutamide,CHEMBL3535,"High affinity cGMP-specific 3',5'-cyclic phosphodiesterase 9A",Compound::DB12941,Gene::5152,11836,1843,0.9118780230032112,esm2_only,,
DB12457,Rimegepant,CHEMBL234,D(3) dopamine receptor,Compound::DB12457,Gene::1816,5350,2075,0.9116475088444372,esm2_only,,
DB05667,Levoketoconazole,CHEMBL234,D(3) dopamine receptor,Compound::DB05667,Gene::1816,986,2075,0.911482809937498,esm2_only,,
DB00850,Perphenazine,CHEMBL2014,Nociceptin receptor,Compound::DB00850,Gene::4987,2901,1866,0.9111829267115276,esm2_only,,
DB00490,Buspirone,CHEMBL234,D(3) dopamine receptor,Compound::DB00490,Gene::1816,1321,2075,0.9104749829326276,esm2_only,,
DB09143,Sonidegib,CHEMBL234,D(3) dopamine receptor,Compound::DB09143,Gene::1816,2176,2075,0.9104604100540804,esm2_only,,
DB11995,Avatrombopag,CHEMBL3535,"High affinity cGMP-specific 3',5'-cyclic phosphodiesterase 9A",Compound::DB11995,Gene::5152,9115,1843,0.9100747520579252,esm2_only,,
DB01167,Itraconazole,CHEMBL2014,Nociceptin receptor,Compound::DB01167,Gene::4987,6227,1866,0.9099517259320232,esm2_only,,
DB01032,Probenecid,CHEMBL205,Carbonic anhydrase 2,Compound::DB01032,Gene::760,3071,1989,0.9098452848386116,esm2_only,,
DB06267,Udenafil,CHEMBL205,Carbonic anhydrase 2,Compound::DB06267,Gene::760,9113,1989,0.909804389514684,esm2_only,,
DB15442,Trilaciclib,CHEMBL1908389,Mitogen-activated protein kinase kinase kinase 12,Compound::DB15442,Gene::7786,3003,3956,0.9097545920248624,esm2_only,,
DB01324,Polythiazide,CHEMBL205,Carbonic anhydrase 2,Compound::DB01324,Gene::760,7784,1989,0.9096481141151636,esm2_only,,
DB11979,Elagolix,CHEMBL2034,Glucocorticoid receptor,Compound::DB11979,Gene::2908,1375,293,0.909434035356956,esm2_only,,
DB14083,Bisphenol A diglycidyl ether,CHEMBL264,Histamine H3 receptor,Compound::DB14083,Gene::57538,16309,24087,0.9094067139311118,esm2_only,,
DB14723,Larotrectinib,CHEMBL234,D(3) dopamine receptor,Compound::DB14723,Gene::1816,937,2075,0.9094046516934284,esm2_only,,
DB12612,Ozanimod,CHEMBL214,5-hydroxytryptamine receptor 1A,Compound::DB12612,Gene::3350,4216,2164,0.9093707770066278,esm2_only,,
DB00796,Candesartan cilexetil,CHEMBL1908389,Mitogen-activated protein kinase kinase kinase 12,Compound::DB00796,Gene::7786,3885,3956,0.909224776904224,esm2_only,,
DB11799,Bictegravir,CHEMBL1908389,Mitogen-activated protein kinase kinase kinase 12,Compound::DB11799,Gene::7786,427,3956,0.9091239618832396,esm2_only,,
DB00591,Fluocinolone acetonide,CHEMBL2034,Glucocorticoid receptor,Compound::DB00591,Gene::2908,2825,293,0.9089008406997025,esm2_only,,
DB11742,Ebastine,CHEMBL234,D(3) dopamine receptor,Compound::DB11742,Gene::1816,11357,2075,0.908857078114286,esm2_only,,
DB00224,Indinavir,CHEMBL2034,Glucocorticoid receptor,Compound::DB00224,Gene::2908,8182,293,0.908679614206203,esm2_only,,
DB08816,Ticagrelor,CHEMBL264,Histamine H3 receptor,Compound::DB08816,Gene::57538,5640,24087,0.908483078346449,esm2_only,,
DB00496,Darifenacin,CHEMBL264,Histamine H3 receptor,Compound::DB00496,Gene::57538,1819,24087,0.908293028750356,esm2_only,,
DB14895,Vibegron,CHEMBL264,Histamine H3 receptor,Compound::DB14895,Gene::57538,8721,24087,0.9079475910657554,esm2_only,,
DB08878,Aminopterin,CHEMBL205,Carbonic anhydrase 2,Compound::DB08878,Gene::760,8145,1989,0.9077875062079326,esm2_only,,
DB04835,Maraviroc,CHEMBL3535,"High affinity cGMP-specific 3',5'-cyclic phosphodiesterase 9A",Compound::DB04835,Gene::5152,4760,1843,0.907413694346345,esm2_only,,
DB06016,Cariprazine,CHEMBL1908389,Mitogen-activated protein kinase kinase kinase 12,Compound::DB06016,Gene::7786,4166,3956,0.9074126101889622,esm2_only,,
DB01196,Estramustine,CHEMBL2034,Glucocorticoid receptor,Compound::DB01196,Gene::2908,3494,293,0.9070758696894096,esm2_only,,
DB14002,D-alpha-Tocopherol acetate,CHEMBL2034,Glucocorticoid receptor,Compound::DB14002,Gene::2908,1617,293,0.9070310704081348,esm2_only,,
DB00762,Irinotecan,CHEMBL1908389,Mitogen-activated protein kinase kinase kinase 12,Compound::DB00762,Gene::7786,2675,3956,0.9068197785026636,esm2_only,,
DB01106,Levocabastine,CHEMBL2014,Nociceptin receptor,Compound::DB01106,Gene::4987,5907,1866,0.9067886165090672,esm2_only,,
DB13954,Estradiol cypionate,CHEMBL2034,Glucocorticoid receptor,Compound::DB13954,Gene::2908,4241,293,0.9067505622567196,esm2_only,,
DB15569,Sotorasib,CHEMBL205,Carbonic anhydrase 2,Compound::DB15569,Gene::760,14956,1989,0.9067399234705676,esm2_only,,
DB06077,Lumateperone,CHEMBL1908389,Mitogen-activated protein kinase kinase kinase 12,Compound::DB06077,Gene::7786,1119,3956,0.9061916351353312,esm2_only,,
DB06274,Alvimopan,CHEMBL205,Carbonic anhydrase 2,Compound::DB06274,Gene::760,3241,1989,0.9057825049563476,esm2_only,,
DB12597,Asciminib,CHEMBL2034,Glucocorticoid receptor,Compound::DB12597,Gene::2908,2416,293,0.9057162665524988,esm2_only,,
DB14895,Vibegron,CHEMBL2014,Nociceptin receptor,Compound::DB14895,Gene::4987,8721,1866,0.9053116137076446,esm2_only,,
DB06155,Rimonabant,CHEMBL2014,Nociceptin receptor,Compound::DB06155,Gene::4987,1887,1866,0.9053024817642904,esm2_only,,
DB15568,Adagrasib,CHEMBL214,5-hydroxytryptamine receptor 1A,Compound::DB15568,Gene::3350,14955,2164,0.9052497133889424,esm2_only,,
DB00775,Tirofiban,CHEMBL205,Carbonic anhydrase 2,Compound::DB00775,Gene::760,5233,1989,0.9052171251296918,esm2_only,,
DB00157,NADH,CHEMBL2034,Glucocorticoid receptor,Compound::DB00157,Gene::2908,4906,293,0.9051070878240324,esm2_only,,
DB14860,Ensartinib,CHEMBL2034,Glucocorticoid receptor,Compound::DB14860,Gene::2908,4843,293,0.9049234710927344,esm2_only,,
DB08912,Dabrafenib,CHEMBL205,Carbonic anhydrase 2,Compound::DB08912,Gene::760,4141,1989,0.9046089889559396,esm2_only,,
DB01232,Saquinavir,CHEMBL264,Histamine H3 receptor,Compound::DB01232,Gene::57538,373,24087,0.9043931422720882,esm2_only,,
DB06448,Lonafarnib,CHEMBL2034,Glucocorticoid receptor,Compound::DB06448,Gene::2908,2012,293,0.9043864378284354,esm2_only,,
DB00932,Tipranavir,CHEMBL2034,Glucocorticoid receptor,Compound::DB00932,Gene::2908,451,293,0.904326323003162,esm2_only,,
DB13520,Metergoline,CHEMBL214,5-hydroxytryptamine receptor 1A,Compound::DB13520,Gene::3350,4579,2164,0.9042865163689944,esm2_only,,
DB09048,Netupitant,CHEMBL3535,"High affinity cGMP-specific 3',5'-cyclic phosphodiesterase 9A",Compound::DB09048,Gene::5152,5244,1843,0.904267473504394,esm2_only,,
DB09164,Technetium Tc-99m disofenin,CHEMBL205,Carbonic anhydrase 2,Compound::DB09164,Gene::760,11523,1989,0.9042007122656064,esm2_only,,
DB05294,Vandetanib,CHEMBL2014,Nociceptin receptor,Compound::DB05294,Gene::4987,236,1866,0.904055773723041,esm2_only,,
DB00872,Conivaptan,CHEMBL3535,"High affinity cGMP-specific 3',5'-cyclic phosphodiesterase 9A",Compound::DB00872,Gene::5152,1011,1843,0.9038315016184544,esm2_only,,
DB04931,Afamelanotide,CHEMBL2014,Nociceptin receptor,Compound::DB04931,Gene::4987,13937,1866,0.903580915413162,esm2_only,,
DB00220,Nelfinavir,CHEMBL264,Histamine H3 receptor,Compound::DB00220,Gene::57538,262,24087,0.9034649156269616,esm2_only,,
DB00385,Valrubicin,CHEMBL2034,Glucocorticoid receptor,Compound::DB00385,Gene::2908,1610,293,0.9029561752836324,esm2_only,,
DB08911,Trametinib,CHEMBL205,Carbonic anhydrase 2,Compound::DB08911,Gene::760,6363,1989,0.9027723299996248,esm2_only,,
DB05271,Rotigotine,CHEMBL264,Histamine H3 receptor,Compound::DB05271,Gene::57538,2921,24087,0.9027438876904272,esm2_only,,
DB09063,Ceritinib,CHEMBL3535,"High affinity cGMP-specific 3',5'-cyclic phosphodiesterase 9A",Compound::DB09063,Gene::5152,5957,1843,0.902628757234969,esm2_only,,
DB12457,Rimegepant,CHEMBL205,Carbonic anhydrase 2,Compound::DB12457,Gene::760,5350,1989,0.9021024622209208,esm2_only,,
DB00699,Nicergoline,CHEMBL214,5-hydroxytryptamine receptor 1A,Compound::DB00699,Gene::3350,3967,2164,0.9020943117537816,esm2_only,,
DB11712,Tezacaftor,CHEMBL2063,Ceramide glucosyltransferase,Compound::DB11712,Gene::7357,10091,1065,0.901957568445218,esm2_only,,
DB12015,Alpelisib,CHEMBL4794,Transient receptor potential cation channel subfamily V member 1,Compound::DB12015,Gene::7442,5202,2239,0.9019553605480252,esm2_only,,
DB00157,NADH,CHEMBL205,Carbonic anhydrase 2,Compound::DB00157,Gene::760,4906,1989,0.9018292095960648,esm2_only,,
DB15490,Zuranolone,CHEMBL2034,Glucocorticoid receptor,Compound::DB15490,Gene::2908,5110,293,0.9018190749942194,esm2_only,,
DB08816,Ticagrelor,CHEMBL214,5-hydroxytryptamine receptor 1A,Compound::DB08816,Gene::3350,5640,2164,0.9013628483096668,esm2_only,,
DB11742,Ebastine,CHEMBL264,Histamine H3 receptor,Compound::DB11742,Gene::57538,11357,24087,0.9011663770437146,esm2_only,,
DB12267,Brigatinib,CHEMBL3535,"High affinity cGMP-specific 3',5'-cyclic phosphodiesterase 9A",Compound::DB12267,Gene::5152,4326,1843,0.9011133731339964,esm2_only,,
DB00634,Sulfacetamide,CHEMBL205,Carbonic anhydrase 2,Compound::DB00634,Gene::760,10317,1989,0.9008471020865588,esm2_only,,
DB08834,Tauroursodeoxycholic acid,CHEMBL2034,Glucocorticoid receptor,Compound::DB08834,Gene::2908,1491,293,0.900660207677454,esm2_only,,
DB06595,Midostaurin,CHEMBL214,5-hydroxytryptamine receptor 1A,Compound::DB06595,Gene::3350,5294,2164,0.9006579122112227,esm2_only,,
DB02925,Piretanide,CHEMBL205,Carbonic anhydrase 2,Compound::DB02925,Gene::760,2186,1989,0.9003191443186142,esm2_only,,
DB00490,Buspirone,CHEMBL247,Human immunodeficiency virus type 1 reverse transcriptase,Compound::DB00490,Gene::3350,1321,2164,0.9528541360026304,drkg_only,,
DB14766,Etrasimod,CHEMBL2014,Nociceptin receptor,Compound::DB14766,Gene::4987,5514,1866,0.9469207919714084,drkg_only,,
DB01264,Darunavir,CHEMBL2014,Nociceptin receptor,Compound::DB01264,Gene::4987,382,1866,0.941472804248531,drkg_only,,
DB12523,Mizolastine,CHEMBL3535,"High affinity cGMP-specific 3',5'-cyclic phosphodiesterase 9A",Compound::DB12523,Gene::5152,10021,1843,0.9387649800284448,drkg_only,,
DB15011,Avacopan,CHEMBL2063,Ceramide glucosyltransferase,Compound::DB15011,Gene::7357,9159,1065,0.9348032583385468,drkg_only,,
DB00246,Ziprasidone,CHEMBL247,Human immunodeficiency virus type 1 reverse transcriptase,Compound::DB00246,Gene::3350,1514,2164,0.9333990438240156,drkg_only,,
DB12070,Letermovir,CHEMBL1908389,Mitogen-activated protein kinase kinase kinase 12,Compound::DB12070,Gene::7786,119,3956,0.9333430103274454,drkg_only,,
DB05039,Indacaterol,CHEMBL210,Beta-2 adrenergic receptor,Compound::DB05039,Gene::154,8481,518,0.9329842229027504,drkg_only,,
DB11581,Venetoclax,CHEMBL1908389,Mitogen-activated protein kinase kinase kinase 12,Compound::DB11581,Gene::7786,4942,3956,0.9327731846335202,drkg_only,,
DB12457,Rimegepant,CHEMBL247,Human immunodeficiency virus type 1 reverse transcriptase,Compound::DB12457,Gene::3350,5350,2164,0.9321305090535512,drkg_only,,
DB08801,Dimetindene,CHEMBL211,Muscarinic acetylcholine receptor M2,Compound::DB08801,Gene::1129,5308,1687,0.9306554346921868,drkg_only,,
DB01591,Solifenacin,CHEMBL247,Human immunodeficiency virus type 1 reverse transcriptase,Compound::DB01591,Gene::3350,1037,2164,0.930212271786178,drkg_only,,
DB04868,Nilotinib,CHEMBL205,Carbonic anhydrase 2,Compound::DB04868,Gene::760,6766,1989,0.9296913403552024,drkg_only,,
DB12874,Quizartinib,CHEMBL3535,"High affinity cGMP-specific 3',5'-cyclic phosphodiesterase 9A",Compound::DB12874,Gene::5152,6252,1843,0.9296786399395336,drkg_only,,
DB14766,Etrasimod,CHEMBL264,Histamine H3 receptor,Compound::DB14766,Gene::57538,5514,24087,0.9283258797083472,drkg_only,,
DB14512,Mometasone furoate,CHEMBL2034,Glucocorticoid receptor,Compound::DB14512,Gene::2908,5571,293,0.9281406831813044,drkg_only,,
DB09195,Lorpiprazole,CHEMBL247,Human immunodeficiency virus type 1 reverse transcriptase,Compound::DB09195,Gene::3350,5125,2164,0.9279775450232476,drkg_only,,
DB09143,Sonidegib,CHEMBL205,Carbonic anhydrase 2,Compound::DB09143,Gene::760,2176,1989,0.9267919872835136,drkg_only,,
DB09038,Empagliflozin,CHEMBL264,Histamine H3 receptor,Compound::DB09038,Gene::57538,1797,24087,0.9266734225992824,drkg_only,,
DB15569,Sotorasib,CHEMBL2014,Nociceptin receptor,Compound::DB15569,Gene::4987,14956,1866,0.92637728822061,drkg_only,,
DB01591,Solifenacin,CHEMBL2014,Nociceptin receptor,Compound::DB01591,Gene::4987,1037,1866,0.9262970622498008,drkg_only,,
DB00315,Zolmitriptan,CHEMBL3535,"High affinity cGMP-specific 3',5'-cyclic phosphodiesterase 9A",Compound::DB00315,Gene::5152,6638,1843,0.9262169711710624,drkg_only,,
DB00436,Bendroflumethiazide,CHEMBL205,Carbonic anhydrase 2,Compound::DB00436,Gene::760,2294,1989,0.9257991320217264,drkg_only,,
DB09378,Fluprednisolone,CHEMBL2034,Glucocorticoid receptor,Compound::DB09378,Gene::2908,10578,293,0.925454150610754,drkg_only,,
DB11641,Vinflunine,CHEMBL2034,Glucocorticoid receptor,Compound::DB11641,Gene::2908,4583,293,0.9253299060287616,drkg_only,,
DB15035,Zanubrutinib,CHEMBL1908389,Mitogen-activated protein kinase kinase kinase 12,Compound::DB15035,Gene::7786,3668,3956,0.9248822961332412,drkg_only,,
DB14723,Larotrectinib,CHEMBL247,Human immunodeficiency virus type 1 reverse transcriptase,Compound::DB14723,Gene::3350,937,2164,0.924583616054465,drkg_only,,
DB12267,Brigatinib,CHEMBL2014,Nociceptin receptor,Compound::DB12267,Gene::4987,4326,1866,0.92449933733015,drkg_only,,
DB09297,Paritaprevir,CHEMBL205,Carbonic anhydrase 2,Compound::DB09297,Gene::760,2988,1989,0.9237300665650796,drkg_only,,
DB11712,Tezacaftor,CHEMBL205,Carbonic anhydrase 2,Compound::DB11712,Gene::760,10091,1989,0.922116082283426,drkg_only,,
DB06636,Isavuconazonium,CHEMBL2014,Nociceptin receptor,Compound::DB06636,Gene::4987,11821,1866,0.9218287764101656,drkg_only,,
DB11574,Elbasvir,CHEMBL2014,Nociceptin receptor,Compound::DB11574,Gene::4987,3862,1866,0.9216509246549186,drkg_only,,
DB06781,Difluprednate,CHEMBL2034,Glucocorticoid receptor,Compound::DB06781,Gene::2908,3901,293,0.9215408602501566,drkg_only,,
DB01076,Atorvastatin,CHEMBL205,Carbonic anhydrase 2,Compound::DB01076,Gene::760,3250,1989,0.9212921048702222,drkg_only,,
DB09027,Ledipasvir,CHEMBL2014,Nociceptin receptor,Compound::DB09027,Gene::4987,9141,1866,0.9203184035876116,drkg_only,,
DB13941,Piperaquine,CHEMBL247,Human immunodeficiency virus type 1 reverse transcriptase,Compound::DB13941,Gene::3350,11345,2164,0.9198108925502664,drkg_only,,
DB04842,Fluspirilene,CHEMBL264,Histamine H3 receptor,Compound::DB04842,Gene::57538,3758,24087,0.9196060941070904,drkg_only,,
DB14860,Ensartinib,CHEMBL1908389,Mitogen-activated protein kinase kinase kinase 12,Compound::DB14860,Gene::7786,4843,3956,0.9195716659501572,drkg_only,,
DB00695,Furosemide,CHEMBL205,Carbonic anhydrase 2,Compound::DB00695,Gene::760,7032,1989,0.9191063216811656,drkg_only,,
DB09383,Meprednisone,CHEMBL2034,Glucocorticoid receptor,Compound::DB09383,Gene::2908,4337,293,0.9175475819772344,drkg_only,,
DB12612,Ozanimod,CHEMBL2014,Nociceptin receptor,Compound::DB12612,Gene::4987,4216,1866,0.9172479438116332,drkg_only,,
DB08816,Ticagrelor,CHEMBL205,Carbonic anhydrase 2,Compound::DB08816,Gene::760,5640,1989,0.9168254407676342,drkg_only,,
DB06077,Lumateperone,CHEMBL247,Human immunodeficiency virus type 1 reverse transcriptase,Compound::DB06077,Gene::3350,1119,2164,0.9168244513068105,drkg_only,,
DB14542,Hydrocortisone phosphate,CHEMBL2034,Glucocorticoid receptor,Compound::DB14542,Gene::2908,11415,293,0.9162026670755186,drkg_only,,
DB11274,Dihydro-alpha-ergocryptine,CHEMBL2034,Glucocorticoid receptor,Compound::DB11274,Gene::2908,10716,293,0.9158263104381784,drkg_only,,
DB14543,Hydrocortisone probutate,CHEMBL2034,Glucocorticoid receptor,Compound::DB14543,Gene::2908,9927,293,0.9156967157718602,drkg_only,,
DB11712,Tezacaftor,CHEMBL2009,Glutamate receptor 1,Compound::DB11712,Gene::2890,10091,294,0.9155685670874394,drkg_only,,
DB09319,Carindacillin,CHEMBL205,Carbonic anhydrase 2,Compound::DB09319,Gene::760,12396,1989,0.9150181220329656,drkg_only,,
DB09065,Cobicistat,CHEMBL2014,Nociceptin receptor,Compound::DB09065,Gene::4987,434,1866,0.9148646574994148,drkg_only,,
DB15011,Avacopan,CHEMBL205,Carbonic anhydrase 2,Compound::DB15011,Gene::760,9159,1989,0.9145690823927172,drkg_only,,
DB15568,Adagrasib,CHEMBL264,Histamine H3 receptor,Compound::DB15568,Gene::57538,14955,24087,0.9144260714742986,drkg_only,,
DB11273,Dihydroergocornine,CHEMBL2034,Glucocorticoid receptor,Compound::DB11273,Gene::2908,11351,293,0.914187178765754,drkg_only,,
DB11581,Venetoclax,CHEMBL2014,Nociceptin receptor,Compound::DB11581,Gene::4987,4942,1866,0.9141196124765394,drkg_only,,
DB08897,Aclidinium,CHEMBL214,5-hydroxytryptamine receptor 1A,Compound::DB08897,Gene::3350,4174,2164,0.9141192495890312,drkg_only,,
DB08897,Aclidinium,CHEMBL247,Human immunodeficiency virus type 1 reverse transcriptase,Compound::DB08897,Gene::3350,4174,2164,0.9141192495890312,drkg_only,,
DB06202,Lasofoxifene,CHEMBL264,Histamine H3 receptor,Compound::DB06202,Gene::57538,110,24087,0.9141116740583995,drkg_only,,
DB14669,Betamethasone phosphate,CHEMBL2034,Glucocorticoid receptor,Compound::DB14669,Gene::2908,2569,293,0.9141039496722496,drkg_only,,
DB11691,Naldemedine,CHEMBL2034,Glucocorticoid receptor,Compound::DB11691,Gene::2908,9248,293,0.9140149286568144,drkg_only,,
DB08906,Fluticasone furoate,CHEMBL2034,Glucocorticoid receptor,Compound::DB08906,Gene::2908,7508,293,0.9131234903442884,drkg_only,,
DB09038,Empagliflozin,CHEMBL2014,Nociceptin receptor,Compound::DB09038,Gene::4987,1797,1866,0.912864140222044,drkg_only,,
DB06684,Vilazodone,CHEMBL214,5-hydroxytryptamine receptor 1A,Compound::DB06684,Gene::3350,4562,2164,0.9127559018702311,drkg_only,,
DB06684,Vilazodone,CHEMBL247,Human immunodeficiency virus type 1 reverse transcriptase,Compound::DB06684,Gene::3350,4562,2164,0.9127559018702311,drkg_only,,
DB09034,Suvorexant,CHEMBL2063,Ceramide glucosyltransferase,Compound::DB09034,Gene::7357,5770,1065,0.9125200421008836,drkg_only,,
DB09183,Dasabuvir,CHEMBL205,Carbonic anhydrase 2,Compound::DB09183,Gene::760,2310,1989,0.9122954548772928,drkg_only,,
DB00232,Methyclothiazide,CHEMBL205,Carbonic anhydrase 2,Compound::DB00232,Gene::760,1297,1989,0.9122861826614328,drkg_only,,
DB05521,Telaprevir,CHEMBL2034,Glucocorticoid receptor,Compound::DB05521,Gene::2908,198,293,0.9116724312418032,drkg_only,,
DB14019,Fosnetupitant,CHEMBL2063,Ceramide glucosyltransferase,Compound::DB14019,Gene::7357,12193,1065,0.911472963011599,drkg_only,,
DB08897,Aclidinium,CHEMBL216,Muscarinic acetylcholine receptor M1,Compound::DB08897,Gene::1128,4174,1626,0.9112903374883756,drkg_only,,
DB01130,Prednicarbate,CHEMBL2034,Glucocorticoid receptor,Compound::DB01130,Gene::2908,1074,293,0.9112565827578012,drkg_only,,
DB08816,Ticagrelor,CHEMBL3535,"High affinity cGMP-specific 3',5'-cyclic phosphodiesterase 9A",Compound::DB08816,Gene::5152,5640,1843,0.9111726468665956,drkg_only,,
DB13941,Piperaquine,CHEMBL2014,Nociceptin receptor,Compound::DB13941,Gene::4987,11345,1866,0.9108463254825748,drkg_only,,
DB01388,Mibefradil,CHEMBL2034,Glucocorticoid receptor,Compound::DB01388,Gene::2908,2034,293,0.9107767054251772,drkg_only,,
DB00959,Methylprednisolone,CHEMBL2034,Glucocorticoid receptor,Compound::DB00959,Gene::2908,7178,293,0.9106975611000084,drkg_only,,
DB08815,Lurasidone,CHEMBL214,5-hydroxytryptamine receptor 1A,Compound::DB08815,Gene::3350,1602,2164,0.9101385418290386,drkg_only,,
DB08815,Lurasidone,CHEMBL247,Human immunodeficiency virus type 1 reverse transcriptase,Compound::DB08815,Gene::3350,1602,2164,0.9101385418290386,drkg_only,,
DB08901,Ponatinib,CHEMBL2063,Ceramide glucosyltransferase,Compound::DB08901,Gene::7357,7187,1065,0.9097618605645472,drkg_only,,
DB00394,Beclomethasone dipropionate,CHEMBL2034,Glucocorticoid receptor,Compound::DB00394,Gene::2908,4666,293,0.9097139254629072,drkg_only,,
DB12005,Nirogacestat,CHEMBL2014,Nociceptin receptor,Compound::DB12005,Gene::4987,4086,1866,0.9093480473544172,drkg_only,,
DB14545,Hydrocortisone succinate,CHEMBL2034,Glucocorticoid receptor,Compound::DB14545,Gene::2908,11383,293,0.9091901675175332,drkg_only,,
DB14860,Ensartinib,CHEMBL2014,Nociceptin receptor,Compound::DB14860,Gene::4987,4843,1866,0.9090439826430288,drkg_only,,
DB12874,Quizartinib,CHEMBL264,Histamine H3 receptor,Compound::DB12874,Gene::57538,6252,24087,0.9087311849368048,drkg_only,,
DB11938,Difelikefalin,CHEMBL2014,Nociceptin receptor,Compound::DB11938,Gene::4987,8071,1866,0.9084159244432204,drkg_only,,
DB09143,Sonidegib,CHEMBL2063,Ceramide glucosyltransferase,Compound::DB09143,Gene::7357,2176,1065,0.908197372402432,drkg_only,,
DB05667,Levoketoconazole,CHEMBL247,Human immunodeficiency virus type 1 reverse transcriptase,Compound::DB05667,Gene::3350,986,2164,0.9079786182511868,drkg_only,,
DB00846,Flurandrenolide,CHEMBL264,Histamine H3 receptor,Compound::DB00846,Gene::57538,669,24087,0.9079444368224276,drkg_only,,
DB00808,Indapamide,CHEMBL205,Carbonic anhydrase 2,Compound::DB00808,Gene::760,1073,1989,0.9077118913900094,drkg_only,,
DB04835,Maraviroc,CHEMBL214,5-hydroxytryptamine receptor 1A,Compound::DB04835,Gene::3350,4760,2164,0.9075747292395082,drkg_only,,
DB04835,Maraviroc,CHEMBL247,Human immunodeficiency virus type 1 reverse transcriptase,Compound::DB04835,Gene::3350,4760,2164,0.9075747292395082,drkg_only,,
DB06202,Lasofoxifene,CHEMBL1908389,Mitogen-activated protein kinase kinase kinase 12,Compound::DB06202,Gene::7786,110,3956,0.9074877437596272,drkg_only,,
DB11712,Tezacaftor,CHEMBL214,5-hydroxytryptamine receptor 1A,Compound::DB11712,Gene::3350,10091,2164,0.907110148659714,drkg_only,,
DB11712,Tezacaftor,CHEMBL247,Human immunodeficiency virus type 1 reverse transcriptase,Compound::DB11712,Gene::3350,10091,2164,0.907110148659714,drkg_only,,
DB15569,Sotorasib,CHEMBL214,5-hydroxytryptamine receptor 1A,Compound::DB15569,Gene::3350,14956,2164,0.9068592944687408,drkg_only,,
DB15569,Sotorasib,CHEMBL247,Human immunodeficiency virus type 1 reverse transcriptase,Compound::DB15569,Gene::3350,14956,2164,0.9068592944687408,drkg_only,,
DB01608,Periciazine,CHEMBL264,Histamine H3 receptor,Compound::DB01608,Gene::57538,3390,24087,0.9068496947551378,drkg_only,,
DB14766,Etrasimod,CHEMBL2063,Ceramide glucosyltransferase,Compound::DB14766,Gene::7357,5514,1065,0.9068403191351642,drkg_only,,
DB13158,Clobetasone,CHEMBL2034,Glucocorticoid receptor,Compound::DB13158,Gene::2908,5739,293,0.9067773383913608,drkg_only,,
DB11581,Venetoclax,CHEMBL205,Carbonic anhydrase 2,Compound::DB11581,Gene::760,4942,1989,0.9067110436963314,drkg_only,,
DB01263,Posaconazole,CHEMBL2014,Nociceptin receptor,Compound::DB01263,Gene::4987,3948,1866,0.9064864140175024,drkg_only,,
DB01264,Darunavir,CHEMBL2034,Glucocorticoid receptor,Compound::DB01264,Gene::2908,382,293,0.9064737475816892,drkg_only,,
DB12597,Asciminib,CHEMBL2063,Ceramide glucosyltransferase,Compound::DB12597,Gene::7357,2416,1065,0.906331100096608,drkg_only,,
DB08934,Sofosbuvir,CHEMBL2034,Glucocorticoid receptor,Compound::DB08934,Gene::2908,226,293,0.906206273534088,drkg_only,,
DB01106,Levocabastine,CHEMBL264,Histamine H3 receptor,Compound::DB01106,Gene::57538,5907,24087,0.9059292457440066,drkg_only,,
DB13213,Butaperazine,CHEMBL264,Histamine H3 receptor,Compound::DB13213,Gene::57538,12026,24087,0.9059290850993252,drkg_only,,
DB14766,Etrasimod,CHEMBL214,5-hydroxytryptamine receptor 1A,Compound::DB14766,Gene::3350,5514,2164,0.9059223597282744,drkg_only,,
DB14766,Etrasimod,CHEMBL247,Human immunodeficiency virus type 1 reverse transcriptase,Compound::DB14766,Gene::3350,5514,2164,0.9059223597282744,drkg_only,,
DB00549,Zafirlukast,CHEMBL205,Carbonic anhydrase 2,Compound::DB00549,Gene::760,1470,1989,0.9054573457014274,drkg_only,,
DB11363,Alectinib,CHEMBL2014,Nociceptin receptor,Compound::DB11363,Gene::4987,3681,1866,0.9053977257603336,drkg_only,,
DB11574,Elbasvir,CHEMBL1908389,Mitogen-activated protein kinase kinase kinase 12,Compound::DB11574,Gene::7786,3862,3956,0.904612252554086,drkg_only,,
DB00873,Loteprednol,CHEMBL2034,Glucocorticoid receptor,Compound::DB00873,Gene::2908,1670,293,0.9040972009978449,drkg_only,,
DB01063,Acetophenazine,CHEMBL264,Histamine H3 receptor,Compound::DB01063,Gene::57538,4080,24087,0.9038335450515584,drkg_only,,
DB11761,Tenapanor,CHEMBL245,Muscarinic acetylcholine receptor M3,Compound::DB11761,Gene::1131,14897,1949,0.9033002051598644,drkg_only,,
DB11581,Venetoclax,CHEMBL2034,Glucocorticoid receptor,Compound::DB11581,Gene::2908,4942,293,0.9032234873306844,drkg_only,,
DB14860,Ensartinib,CHEMBL205,Carbonic anhydrase 2,Compound::DB14860,Gene::760,4843,1989,0.9032127523843462,drkg_only,,
DB01601,Lopinavir,CHEMBL2014,Nociceptin receptor,Compound::DB01601,Gene::4987,9473,1866,0.90319436953504,drkg_only,,
DB01208,Sparfloxacin,CHEMBL1908389,Mitogen-activated protein kinase kinase kinase 12,Compound::DB01208,Gene::7786,3318,3956,0.9030640143128608,drkg_only,,
DB01430,Almitrine,CHEMBL1908389,Mitogen-activated protein kinase kinase kinase 12,Compound::DB01430,Gene::7786,1431,3956,0.9029992753373578,drkg_only,,
DB12070,Letermovir,CHEMBL2014,Nociceptin receptor,Compound::DB12070,Gene::4987,119,1866,0.9025071790414156,drkg_only,,
DB00947,Fulvestrant,CHEMBL205,Carbonic anhydrase 2,Compound::DB00947,Gene::760,5386,1989,0.9024466374356782,drkg_only,,
DB12236,Bexagliflozin,CHEMBL2014,Nociceptin receptor,Compound::DB12236,Gene::4987,1615,1866,0.9023101426054918,drkg_only,,
DB06374,Elacestrant,CHEMBL264,Histamine H3 receptor,Compound::DB06374,Gene::57538,14171,24087,0.9021743104196472,drkg_only,,
DB09335,Alatrofloxacin,CHEMBL205,Carbonic anhydrase 2,Compound::DB09335,Gene::760,11694,1989,0.9021175544354166,drkg_only,,
DB09291,Rolapitant,CHEMBL2014,Nociceptin receptor,Compound::DB09291,Gene::4987,3553,1866,0.9018738762833192,drkg_only,,
DB09320,Procaine benzylpenicillin,CHEMBL2034,Glucocorticoid receptor,Compound::DB09320,Gene::2908,11531,293,0.9018664810366812,drkg_only,,
DB00921,Buprenorphine,CHEMBL2014,Nociceptin receptor,Compound::DB00921,Gene::4987,11340,1866,0.901569092758624,drkg_only,,
DB04868,Nilotinib,CHEMBL264,Histamine H3 receptor,Compound::DB04868,Gene::57538,6766,24087,0.9014731655063282,drkg_only,,
DB15444,Elexacaftor,CHEMBL2014,Nociceptin receptor,Compound::DB15444,Gene::4987,11355,1866,0.9014064946669608,drkg_only,,
DB12236,Bexagliflozin,CHEMBL264,Histamine H3 receptor,Compound::DB12236,Gene::57538,1615,24087,0.901369930209844,drkg_only,,
DB12095,Telotristat ethyl,CHEMBL2014,Nociceptin receptor,Compound::DB12095,Gene::4987,3338,1866,0.9013026870273017,drkg_only,,
DB09038,Empagliflozin,CHEMBL2034,Glucocorticoid receptor,Compound::DB09038,Gene::2908,1797,293,0.9011107534902836,drkg_only,,
DB06290,Simeprevir,CHEMBL2034,Glucocorticoid receptor,Compound::DB06290,Gene::2908,72,293,0.9011081475686964,drkg_only,,
DB09102,Daclatasvir,CHEMBL2014,Nociceptin receptor,Compound::DB09102,Gene::4987,375,1866,0.9010368979228118,drkg_only,,
DB06077,Lumateperone,CHEMBL2014,Nociceptin receptor,Compound::DB06077,Gene::4987,1119,1866,0.9009184179474812,drkg_only,,
DB06274,Alvimopan,CHEMBL264,Histamine H3 receptor,Compound::DB06274,Gene::57538,3241,24087,0.900840005767269,drkg_only,,
DB12095,Telotristat ethyl,CHEMBL2063,Ceramide glucosyltransferase,Compound::DB12095,Gene::7357,3338,1065,0.9008216271656848,drkg_only,,
DB11274,Dihydro-alpha-ergocryptine,CHEMBL264,Histamine H3 receptor,Compound::DB11274,Gene::57538,10716,24087,0.900614162321942,drkg_only,,
DB06274,Alvimopan,CHEMBL2014,Nociceptin receptor,Compound::DB06274,Gene::4987,3241,1866,0.9005606080208297,drkg_only,,
DB15328,Ubrogepant,CHEMBL264,Histamine H3 receptor,Compound::DB15328,Gene::57538,10560,24087,0.9004798890234226,drkg_only,,
DB00220,Nelfinavir,CHEMBL205,Carbonic anhydrase 2,Compound::DB00220,Gene::760,262,1989,0.9002346629591972,drkg_only,,
DB11613,Velpatasvir,CHEMBL264,Histamine H3 receptor,Compound::DB11613,Gene::57538,9912,24087,0.9002271800379924,drkg_only,,
DB00921,Buprenorphine,CHEMBL214,5-hydroxytryptamine receptor 1A,Compound::DB00921,Gene::3350,11340,2164,0.9001200425759265,drkg_only,,
DB00921,Buprenorphine,CHEMBL247,Human immunodeficiency virus type 1 reverse transcriptase,Compound::DB00921,Gene::3350,11340,2164,0.9001200425759265,drkg_only,,
DB00320,Dihydroergotamine,CHEMBL2034,Glucocorticoid receptor,Compound::DB00320,Gene::2908,605,293,0.9001190431115335,drkg_only,,
